OptionId,Name,T1_Value,T2_Value,T3_Value,T4_Value,T5_Value,T6_Value,T7_Value,T8_Value,T9_Value
PHY_ATK_ADD,물리 공격력 +,13,39,130,325,400,600,850,1150,1500
PHY_ATK_PCT,물리 공격력 %,3,7,12,18,20,28,38,50,70
MAG_ATK_ADD,마법 공격력 +,13,39,130,325,400,600,850,1150,1500
MAG_ATK_PCT,마법 공격력 %,3,7,12,18,20,28,38,50,70
STAT_STR_ADD,힘 +,1,3,5,8,9,13,18,25,35
STAT_DEX_ADD,민첩 +,1,3,5,8,9,13,18,25,35
STAT_INT_ADD,지능 +,1,3,5,8,9,13,18,25,35
STAT_END_ADD,인내 +,1,3,5,8,9,13,18,25,35
ATK_SPD_PCT,공격속도 %,1,4,7,10,12,17,23,30,45
FINAL_DMG_PCT,데미지 %,1,2,4,6,8,11,15,20,28
